{"cameraMode":{"drawMode":0,"name":"Shaded","section":"Shading Mode"},"sceneLighting":false,"audioPlay":false,"sceneViewState":{"showFog":true,"showMaterialUpdate":true,"showSkybox":true,"showFlares":true,"showImageEffects":true,"showParticleSystems":true},"in2DMode":false,"pivot":{"x":9.33802604675293,"y":-1.0896062850952149,"z":7.577508926391602},"rotation":{"x":0.04625127837061882,"y":0.9534960389137268,"z":-0.19905710220336915,"w":0.2215464860200882},"size":20.67721939086914,"orthographic":false}