{"cameraMode":{"drawMode":0,"name":"Shaded","section":"Shading Mode"},"sceneLighting":false,"audioPlay":false,"sceneViewState":{"showFog":true,"showMaterialUpdate":true,"showSkybox":true,"showFlares":true,"showImageEffects":true,"showParticleSystems":true},"in2DMode":false,"pivot":{"x":-2.85085391998291,"y":0.9076623916625977,"z":-5.242889404296875},"rotation":{"x":0.04625127837061882,"y":0.9534960389137268,"z":-0.19905710220336915,"w":0.2215464860200882},"size":20.784910202026368,"orthographic":false}