{"cameraMode":{"drawMode":0,"name":"Shaded","section":"Shading Mode"},"sceneLighting":false,"audioPlay":false,"sceneViewState":{"showFog":true,"showMaterialUpdate":true,"showSkybox":true,"showFlares":true,"showImageEffects":true,"showParticleSystems":true},"in2DMode":false,"pivot":{"x":-4.5799689292907719,"y":4.369975566864014,"z":5.804708957672119},"rotation":{"x":0.028196988627314569,"y":0.9659808874130249,"z":-0.11972199380397797,"w":0.22750374674797059},"size":3.7028074264526369,"orthographic":false}