{"cameraMode":{"drawMode":0,"name":"Shaded","section":"Shading Mode"},"sceneLighting":false,"audioPlay":false,"sceneViewState":{"showFog":true,"showMaterialUpdate":true,"showSkybox":true,"showFlares":true,"showImageEffects":true,"showParticleSystems":true},"in2DMode":false,"pivot":{"x":9.896026611328125,"y":0.405393123626709,"z":-11.237665176391602},"rotation":{"x":0.03991936892271042,"y":0.9587832093238831,"z":-0.17180569469928742,"w":0.22277487814426423},"size":141.32821655273438,"orthographic":false}