{"cameraMode":{"drawMode":0,"name":"Shaded","section":"Shading Mode"},"sceneLighting":false,"audioPlay":false,"sceneViewState":{"showFog":true,"showMaterialUpdate":true,"showSkybox":true,"showFlares":true,"showImageEffects":true,"showParticleSystems":true},"in2DMode":false,"pivot":{"x":141.61337280273438,"y":-55.94713592529297,"z":27.727996826171876},"rotation":{"x":0.19403471052646638,"y":0.7359277606010437,"z":-0.23639526963233949,"w":0.6040558815002441},"size":243.9474639892578,"orthographic":false}