{"cameraMode":{"drawMode":0,"name":"Shaded","section":"Shading Mode"},"sceneLighting":false,"audioPlay":false,"sceneViewState":{"showFog":true,"showMaterialUpdate":true,"showSkybox":true,"showFlares":true,"showImageEffects":true,"showParticleSystems":true},"in2DMode":false,"pivot":{"x":-1.3579373359680176,"y":2.270780086517334,"z":8.264015197753907},"rotation":{"x":0.04625127837061882,"y":0.9534960389137268,"z":-0.19905710220336915,"w":0.2215464860200882},"size":5.115777015686035,"orthographic":false}