{"cameraMode":{"drawMode":0,"name":"Shaded","section":"Shading Mode"},"sceneLighting":false,"audioPlay":false,"sceneViewState":{"showFog":true,"showMaterialUpdate":true,"showSkybox":true,"showFlares":true,"showImageEffects":true,"showParticleSystems":true},"in2DMode":false,"pivot":{"x":-7.120497703552246,"y":5.6283369064331059,"z":-2.9327564239501955},"rotation":{"x":0.004392384551465511,"y":0.9907104969024658,"z":-0.13185082376003266,"w":0.033003710210323337},"size":35.12899398803711,"orthographic":false}